threads, mean throughput
1, 997.075 
2, 511.088
3,
4,
5,
6,
7,
8,

threads, 95th latency
1, 1.88735
2, 1.69537
3, 2.26136
4, 333.537
5,
6,
7,
8,
